"id","name","description","geom","height"
26,"EL PICARRAL","{""municipality"": ""ZARAGOZA"", ""address"": ""C/ SAN JUAN DE LA PE\u00d1A. FRENTE A SAICA"", ""height"": 195, ""stationType"": ""SUBURBANA""}","0101000020E610000040C00B9C14E4EBBFFF4519F0A6D54440","195"
29,"ROGER DE FLOR","{""municipality"": ""ZARAGOZA"", ""address"": ""C/ ROGER DE FLOR - AV. DE MADRID"", ""height"": 212, ""stationType"": ""URBANA""}","0101000020E6100000DF317108325CEDBF2FD95D6739D34440","212"
32,"JAIME FERRÁN","{""municipality"": ""ZARAGOZA"", ""address"": ""C/ FRANKLIN - C/ FERR\u00c1N"", ""height"": 196, ""stationType"": ""SUBURBANA""}","0101000020E6100000EFA364DF6BB1EBBFC20F8CEC25D64440","196"
36,"RENOVALES","{""municipality"": ""ZARAGOZA"", ""address"": ""PASEO RENOVALES"", ""height"": 220, ""stationType"": ""URBANA""}","0101000020E6100000A640ECC3AAA2ECBF85EA7AB02BD14440","220"
37,"LAS FUENTES","{""municipality"": ""ZARAGOZA"", ""address"": ""MARIA DE ARAGON"", ""height"": 198, ""stationType"": ""URBANA""}","0101000020E6100000CBF0E0C2BF9EEBBFA23007420CD24440","198"
38,"CENTRO","{""municipality"": ""ZARAGOZA"", ""address"": ""ALBAREDA"", ""height"": 210, ""stationType"": ""URBANA""}","0101000020E61000001385FADBB052ECBF9CD8954025D34440","210"
39,"AVENIDA SORIA","{""municipality"": ""ZARAGOZA"", ""address"": ""AVENIDA CIUDAD DE SORIA"", ""height"": 208, ""stationType"": ""SUBURBANA""}","0101000020E6100000B98D06F016C8ECBF4E8061F9F3D34440","208"
40,"ACTUR","{""municipality"": ""ZARAGOZA"", ""address"": ""C/ CINEASTA CARLOS SAURA"", ""height"": 198, ""stationType"": ""URBANA""}","0101000020E610000019390B7BDA61ECBF103CBEBD6BD64440","198"
