"id","type","vehicle_type","id_road_node_via","id_road_section_from","id_road_section_to","id_road_section_via"
27872,"only_right_turn","all","288554225","26337732","31721827",NULL
545214,"only_straight_on","all","685350410","54516732","397870776",NULL
1185960,"only_straight_on","all","274239743","66386064","78394032",NULL
1209753,"only_straight_on","all","30389409","369249723","665685147",NULL
1210545,"only_straight_on","all","243066351","554274763","80665504",NULL
1210547,"only_straight_on","all","243066412","80665501","80665506",NULL
1210548,"only_straight_on","all","243066414","92708534","80665501",NULL
1210557,"only_straight_on","all","5266186779","123432626","80665806",NULL
1210627,"only_straight_on","all","297503120","92692735","27115456",NULL
1211185,"no_left_turn","all","263708638","7983980","24321437",NULL
1211840,"no_left_turn","all","297503189","92741333","80733755",NULL
1212689,"no_left_turn","all","30389470","4759695","80789033",NULL
1213222,"no_left_turn","all","3723965153","461373044","80813641",NULL
1213652,"no_left_turn","all","263698462","24320050","80851407",NULL
1213665,"no_left_turn","all","263699244","456064565","80852539",NULL
1213666,"no_left_turn","all","942629428","80852540","80852536",NULL
1213667,"no_left_turn","all","30438377","78349684","80852540",NULL
1213668,"no_left_turn","all","30438377","669498453","78349687",NULL
1230407,"no_left_turn","all","632249745","49748651","82113293",NULL
1230493,"no_left_turn","all","30575368","80359577","80359578",NULL
1230494,"no_left_turn","all","41430285","125644935","82116907",NULL
1230495,"only_straight_on","all","41430291","92741399","489327951",NULL
1231295,"only_straight_on","all","263313600","80347972","80347975",NULL
1238863,"no_left_turn","all","249350296","82406679","48856444",NULL
1238896,"no_u_turn","all","471784733","79988585","100870114",NULL
1238897,"no_left_turn","all","471784546","27099071","82412374",NULL
1240052,"no_u_turn","all","41145902","6016217","6016255",NULL
1240058,"only_straight_on","all","264098983","80716109","24344846",NULL
1240084,"only_straight_on","all","249077706","82489803","23075731",NULL
1240086,"only_straight_on","all","937794393","80359256","80359247",NULL
1240087,"only_straight_on","all","263703319","4766227","80359249",NULL
1240088,"only_straight_on","all","939238608","80359261","80359254",NULL
1240090,"only_straight_on","all","274103537","371895558","82489989",NULL
1240091,"only_straight_on","all","259474527","485107969","82490028",NULL
1240092,"only_straight_on","all","263695640","48396114","82490044",NULL
1240100,"only_straight_on","all","288595499","419106678","82490406",NULL
1240101,"only_straight_on","all","264537278","24380415","80468750",NULL
1240104,"only_straight_on","all","960149045","24380416","82490480",NULL
1240107,"only_straight_on","all","264537274","24380430","80468752",NULL
1240108,"only_straight_on","all","264537273","82490479","80468759",NULL
1240110,"only_straight_on","all","59747940","146144456","82490634",NULL
1240111,"only_straight_on","all","59749798","146144454","82490631",NULL
1240172,"only_straight_on","all","297333612","27099879","82499371",NULL
1240177,"only_straight_on","all","935576593","80191627","82501726",NULL
1243521,"only_straight_on","all","263791204","80730273","82878129",NULL
1243522,"only_straight_on","all","263791242","371275479","82878127",NULL
1243523,"only_straight_on","all","263791159","82878129","82878128",NULL
1243543,"only_straight_on","all","249426555","80784907","80784908",NULL
1243544,"only_straight_on","all","265024868","136655280","82878457",NULL
1243550,"only_straight_on","all","421412407","79482886","36071668",NULL
1243551,"only_straight_on","all","3723965153","461373044","489924336",NULL
1243771,"only_straight_on","all","268631676","24715176","82896921",NULL
1243775,"only_straight_on","all","934030426","92718568","82897203",NULL
1243778,"only_straight_on","all","523795127","620406065","679053268",NULL
1243786,"only_straight_on","all","264524090","80468764","80468786",NULL
1243788,"only_straight_on","all","264537243","386162856","82898302",NULL
1243925,"only_straight_on","all","259476134","23938626","82910194",NULL
1243926,"only_straight_on","all","259476133","82910194","82910191",NULL
1244733,"only_straight_on","all","937843937","86463230","80364027",NULL
1244734,"only_straight_on","all","266328896","169402108","43017946",NULL
1244736,"only_straight_on","all","30438688","371718700","43017944",NULL
1244737,"only_straight_on","all","265041477","24412562","24412560",NULL
1244739,"only_straight_on","all","249316340","206646744","49449378",NULL
1244752,"only_straight_on","all","919671042","78418965","78337936",NULL
1244754,"only_straight_on","all","445852914","79910991","456184648",NULL
1244755,"only_straight_on","all","471791901","48394081","83010286",NULL
1244756,"only_straight_on","all","471333712","83010305","39343274",NULL
1244761,"only_straight_on","all","30438397","146414778","83010511",NULL
1244762,"only_straight_on","all","267724145","207806845","83010512",NULL
1244767,"no_left_turn","all","259474533","23067519","103279339",NULL
1244768,"only_straight_on","all","942629428","80852540","80852538",NULL
1244769,"only_straight_on","all","30438377","669498453","80852540",NULL
1244770,"only_straight_on","all","263699244","456064565","80852535",NULL
1244771,"only_straight_on","all","30438377","78349684","677251009",NULL
1244785,"only_straight_on","all","296954718","92747043","83012585",NULL
1244787,"only_straight_on","all","436617068","124214428","83012712",NULL
1244900,"only_straight_on","all","249350078","23098705","82406234",NULL
1255785,"only_straight_on","all","249701141","656967815","148897466",NULL
1263695,"only_straight_on","all","941367827","56466169","80716027",NULL
1265075,"only_straight_on","all","245394215","23313622","23313625",NULL
1265076,"only_straight_on","all","245394218","23313630","23313625",NULL
1265077,"only_straight_on","all","245394219","20194154","22811471",NULL
1265078,"only_straight_on","all","213564690","23313631","23313635",NULL
1265079,"only_straight_on","all","213564655","246778928","80468764",NULL
1265080,"only_straight_on","all","266990806","292967577","31786549",NULL
1265081,"only_straight_on","all","252406056","23313350","23313640",NULL
1266198,"only_straight_on","all","297340108","24301889","24025326",NULL
1267734,"only_straight_on","all","267825171","24638244","84799330",NULL
1278759,"only_straight_on","all","956188543","174943302","85771482",NULL
1278916,"only_straight_on","all","933317800","23076326","85773344",NULL
1278917,"only_straight_on","all","256128778","85771478","85771485",NULL
1278918,"only_straight_on","all","933317779","85773358","85773342",NULL
1278919,"only_straight_on","all","995592399","85773359","85773352",NULL
1278920,"only_straight_on","all","995592395","85773344","85773356",NULL
1278921,"only_straight_on","all","995592383","85771485","85773351",NULL
1278922,"only_straight_on","all","995592397","85773353","85773358",NULL
1278923,"only_straight_on","all","933299397","369853552","456184653",NULL
1278924,"only_straight_on","all","995592399","85773350","85773357",NULL
1278925,"only_straight_on","all","933317822","85773347","560572946",NULL
1278926,"only_straight_on","all","933317818","369853555","85773350",NULL
1278927,"only_straight_on","all","995592381","85773356","85773345",NULL
1278928,"only_straight_on","all","995592384","85773345","85773341",NULL
1278929,"only_straight_on","all","995592381","85773354","85773353",NULL
1278930,"only_straight_on","all","933317794","369853560","85773343",NULL
1278931,"only_straight_on","all","933317842","85773352","79972796",NULL
1278932,"only_straight_on","all","995592397","85773343","85773359",NULL
1278933,"only_straight_on","all","995592380","169402112","85773354",NULL
1278934,"only_straight_on","all","995592395","85773357","85773347",NULL
1278940,"only_straight_on","all","933317822","560572945","85773404",NULL
1278941,"only_straight_on","all","933317779","169402114","85773405",NULL
1278942,"no_right_turn","all","933317842","369853556","79972796",NULL
1278943,"no_right_turn","all","995592384","369853557","85773341",NULL
1283895,"only_straight_on","all","1001486119","282857226","86277806",NULL
1283896,"only_straight_on","all","939099173","465365550","86277807",NULL
1283897,"only_straight_on","all","265032978","465365547","86277932",NULL
1283898,"only_straight_on","all","264113908","54516801","466067118",NULL
1286162,"no_right_turn","all","939079559","56151017","86463021",NULL
1286163,"only_straight_on","all","259474521","60981881","682115582",NULL
1286164,"only_straight_on","all","41430295","489320507","86463019",NULL
1286165,"only_straight_on","all","939079558","56025592","86463022",NULL
1286167,"only_straight_on","all","30438542","92741351","86463020",NULL
1286168,"only_straight_on","all","30575306","4766187","60981885",NULL
1286170,"only_straight_on","all","939079559","56025593","86463021",NULL
1286177,"only_straight_on","all","941384070","93053849","86463230",NULL
1350947,"only_straight_on","all","1075164929","32087632","92692714",NULL
1350951,"only_straight_on","all","252406080","493211624","80347965",NULL
1350954,"only_straight_on","all","598215642","493211624","80347966",NULL
1351100,"no_right_turn","all","243066351","27115071","80665504",NULL
1351101,"only_straight_on","all","243066374","92718561","92708534",NULL
1351102,"only_straight_on","all","243066415","92708506","92708518",NULL
1351103,"no_right_turn","all","243066414","22661939","80665501",NULL
1351211,"only_straight_on","all","1075378166","92718555","92718548",NULL
1351212,"only_straight_on","all","1075378166","142781458","92718551",NULL
1351427,"only_straight_on","all","941372942","24025108","92741357",NULL
1351428,"only_straight_on","all","30438543","80360723","489313924",NULL
1351429,"only_straight_on","all","30438763","294858565","86463018",NULL
1351430,"only_straight_on","all","264100222","92741382","92741254",NULL
1351437,"no_right_turn","all","939079558","56151018","86463022",NULL
1351440,"only_straight_on","all","30438543","489274579","92741257",NULL
1351441,"only_straight_on","all","264100222","92741293","92741400",NULL
1351444,"only_straight_on","all","941372942","92741254","92741366",NULL
1351445,"no_right_turn","all","30438542","92741347","86463020",NULL
1351446,"only_straight_on","all","30438581","92741267","92741351",NULL
1351549,"only_straight_on","all","296954718","83012712","92747044",NULL
1353517,"no_left_turn","all","260548856","82489617","5558797",NULL
1353552,"no_left_turn","all","249350290","80475204","93054695",NULL
1388584,"only_straight_on","all","249245951","96334911","96334918",NULL
1388585,"only_straight_on","all","1328388879","57741607","96334917",NULL
1392493,"only_straight_on","all","1119872215","96701474","96701477",NULL
1392494,"only_straight_on","all","1119872215","96701475","96701476",NULL
1397476,"only_straight_on","all","283248264","682164931","96897451",NULL
1397477,"only_straight_on","all","1122775566","472647935","96897448",NULL
1536621,"only_straight_on","all","625977139","38753994","49287184",NULL
1536622,"only_straight_on","all","259476735","38753995","38753984",NULL
1536623,"only_straight_on","all","625977139","38753993","49287185",NULL
1566317,"no_u_turn","all","1268313956","80786772","454554918",NULL
1573722,"only_straight_on","all","59756401","49287185","56151024",NULL
1614230,"no_u_turn","all","243466467","79723581","79723580",NULL
1620541,"only_straight_on","all","1126848538","170129406","117204369",NULL
1620542,"only_straight_on","all","1125481664","24340076","117204352",NULL
1620543,"only_straight_on","all","1126848511","121410698","117204367",NULL
1620544,"only_straight_on","all","1126848602","117204367","117204366",NULL
1620545,"only_straight_on","all","1125481680","465221872","117204343",NULL
1620546,"only_straight_on","all","1125481664","170129400","465365542",NULL
1620549,"only_straight_on","all","1126848554","117204369","117204368",NULL
1620550,"only_straight_on","all","1125481669","466067122","117204350",NULL
1620551,"only_straight_on","all","1125481685","676862338","117204348",NULL
1620554,"only_straight_on","all","1125481685","117204351","117204356",NULL
1620594,"only_straight_on","all","30438572","79206832","31872328",NULL
1620595,"only_straight_on","all","356902985","31872329","117213926",NULL
1656701,"only_straight_on","all","156334343","79206886","15675682",NULL
1656704,"only_straight_on","all","156334335","120925055","15675691",NULL
1656706,"only_straight_on","all","156334343","24325851","41572940",NULL
1656708,"only_straight_on","all","156334318","120925054","40706734",NULL
1656729,"only_straight_on","all","30438555","551899675","120926862",NULL
1661007,"only_straight_on","all","939274144","31786538","24412371",NULL
1661009,"only_straight_on","all","964637484","92741361","121410699",NULL
1661012,"only_straight_on","all","1125481668","31786542","121410695",NULL
1661015,"only_straight_on","all","30389505","28231372","80784907",NULL
1674509,"no_u_turn","all","265037906","24412278","122530555",NULL
1688931,"only_straight_on","all","263324310","92692740","123432626",NULL
1688933,"only_straight_on","all","934030429","123432628","31972385",NULL
1695318,"no_left_turn","all","1116259632","124214425","124214426",NULL
1698906,"only_straight_on","all","268886996","37769967","24741180",NULL
1698907,"only_straight_on","all","283248102","124669145","24741180",NULL
1700373,"only_straight_on","all","921128137","124764206","124768943",NULL
1707554,"no_u_turn","all","1394716399","125603883","125603878",NULL
1707555,"no_u_turn","all","1394716392","125603877","125603882",NULL
1707556,"no_u_turn","all","1394716394","125603879","125603876",NULL
1707914,"no_left_turn","all","1395083834","125644931","125644924",NULL
1707915,"no_left_turn","all","919731543","23068494","125644899",NULL
1707918,"no_u_turn","all","1332251369","125644917","118443591",NULL
1707919,"only_straight_on","all","1395083888","125644949","125644947",NULL
1707920,"only_straight_on","all","1395083840","82116901","125644927",NULL
1707921,"only_straight_on","all","30438687","125644943","125644942",NULL
1707922,"only_straight_on","all","256133325","4766234","60140465",NULL
1707923,"only_straight_on","all","1395083888","80362435","125644945",NULL
1707924,"only_straight_on","all","1246618704","125644894","125644906",NULL
1707927,"only_straight_on","all","1395083889","125644947","125644951",NULL
1707929,"only_straight_on","all","1246618653","125644945","125644962",NULL
1707930,"only_straight_on","all","1395083889","80362444","125644956",NULL
1707934,"only_straight_on","all","59751391","391685905","125646772",NULL
1707935,"only_straight_on","all","59751391","206689750","125646777",NULL
1802824,"no_u_turn","all","495085646","134158144","134158143",NULL
1802825,"no_u_turn","all","443058804","134158145","134158146",NULL
1823200,"no_u_turn","all","1487540225","49022992","135436311",NULL
1823261,"no_right_turn","all","1487577316","135440532","135440508",NULL
1841438,"no_left_turn","all","1138926306","111847159","136655281",NULL
1841439,"no_left_turn","all","1138865799","136655274","136655289",NULL
1843521,"no_u_turn","all","587661910","54516654","54516655",NULL
1843522,"only_straight_on","all","905343689","136808887","397870782",NULL
1843523,"only_straight_on","all","905343720","136808886","136808893",NULL
1843524,"only_straight_on","all","685350408","136808894","54516732",NULL
1843525,"only_straight_on","all","905342888","136858696","136808887",NULL
1843526,"only_straight_on","all","905345150","136808892","136808898",NULL
1843527,"only_straight_on","all","905345559","136808888","54516731",NULL
1843528,"only_straight_on","all","905345207","136808890","136808897",NULL
1843529,"only_straight_on","all","905343694","136808899","136808886",NULL
1843530,"only_straight_on","all","905345156","136808895","136808890",NULL
1843531,"only_straight_on","all","41346279","136808901","136808892",NULL
1843532,"only_straight_on","all","905345257","136808898","136808888",NULL
1844226,"no_right_turn","all","905342625","136858698","136858675",NULL
1844227,"no_right_turn","all","905342583","397870793","136858696",NULL
1844228,"only_straight_on","all","905342625","136858681","136858675",NULL
1844229,"only_straight_on","all","905342590","136858692","136858681",NULL
1844230,"only_straight_on","all","905341410","397870777","136858684",NULL
1844231,"only_straight_on","all","905342583","136858684","136858696",NULL
1976475,"no_u_turn","all","1270508659","22697547","111540157",NULL
1991896,"no_left_turn","all","1092558169","679299459","56025571",NULL
1991897,"no_left_turn","all","1092558139","616107369","208554322",NULL
2013502,"no_u_turn","all","266990805","23313623","23313641",NULL
2013503,"no_u_turn","all","252406067","23313356","23313620",NULL
2013521,"only_straight_on","all","213564664","149307527","23313635",NULL
2013522,"only_straight_on","all","213564664","23313632","23313635",NULL
2136982,"no_right_turn","all","267197529","54948360","159640718",NULL
2136983,"no_right_turn","all","1120609645","159640720","55973878",NULL
2136984,"no_right_turn","all","1124783389","159640714","159640711",NULL
2136985,"no_right_turn","all","691370870","54948359","117204370",NULL
2136986,"no_left_turn","all","1124783389","55973881","24577328",NULL
2136987,"no_left_turn","all","1120609645","55973877","159640719",NULL
2184213,"no_left_turn","all","1698320592","505809630","157589565",NULL
2204332,"only_straight_on","all","1068492364","165462636","165462637",NULL
2204334,"no_left_turn","all","1068492357","579825603","165462636",NULL
2204335,"only_straight_on","all","1068492357","165462636","165462638",NULL
2415247,"no_left_turn","all","427780784","180975155","180975162",NULL
2415248,"no_left_turn","all","919458070","180975156","180975161",NULL
2514503,"only_straight_on","all","1974317607","255840112","186690668",NULL
2514504,"no_u_turn","all","1974317607","255840112","186690667",NULL
2629611,"no_u_turn","all","248935422","23070497","23070495",NULL
2631177,"no_u_turn","all","2026401414","192082534","192082523",NULL
2631178,"no_u_turn","all","2026401434","192082522","195572940",NULL
2775915,"only_straight_on","all","1312823956","206523557","206523397",NULL
2775919,"only_straight_on","all","248093945","206523474","166255642",NULL
2777427,"only_straight_on","all","58850772","121436745","169394512",NULL
2777490,"only_straight_on","all","158680078","4766158","107693115",NULL
2777512,"only_straight_on","all","1310079639","97667125","206640839",NULL
2777529,"only_straight_on","all","1491287679","48394085","206641639",NULL
2777556,"only_straight_on","all","30438551","31675252","206642451",NULL
2777557,"only_straight_on","all","921128137","677251013","206642450",NULL
2777750,"only_straight_on","all","265041475","83009689","206643913",NULL
2777801,"only_straight_on","all","1128031341","49449458","206646744",NULL
2777802,"only_straight_on","all","1128031334","49449455","206646745",NULL
2778616,"no_left_turn","all","59751392","226087720","206689747",NULL
2997064,"only_straight_on","all","249092461","121410660","225543297",NULL
3006129,"only_straight_on","all","59751394","7984257","226087720",NULL
3031449,"only_straight_on","all","30438389","23133934","227745427",NULL
3217742,"only_straight_on","all","268886996","24741180","37769967",NULL
3217743,"only_straight_on","all","283248102","24741180","124669145",NULL
3245086,"only_straight_on","all","30438447","474698536","4759679",NULL
3245087,"only_straight_on","all","249707305","15801845","240529194",NULL
3245103,"only_straight_on","all","3731144656","292457836","79211009",NULL
3271836,"no_right_turn","all","2496820704","242162484","242162504",NULL
3271837,"no_left_turn","all","2496820716","242162487","242162498",NULL
3271838,"no_left_turn","all","1488902864","242162512","242162489",NULL
3271839,"only_straight_on","all","2496820708","242162505","242162491",NULL
3271840,"only_straight_on","all","2496820718","242162514","242162486",NULL
3291174,"only_straight_on","all","1246618542","243444413","620321019",NULL
3291175,"only_straight_on","all","614631985","369850826","49074658",NULL
3291177,"only_straight_on","all","1246618542","369850835","243444411",NULL
3291178,"only_straight_on","all","614631985","49074661","49074662",NULL
3291179,"only_straight_on","all","614631986","48394098","49074661",NULL
3295945,"no_right_turn","all","444585733","620350492","79714764",NULL
3314778,"only_straight_on","all","1122581768","485409179","246778928",NULL
3314779,"only_straight_on","all","1122581709","301696020","246778930",NULL
3314785,"no_left_turn","all","939285554","24412560","255823423",NULL
3314798,"only_straight_on","all","1122581610","488547895","247049302",NULL
3314838,"no_left_turn","all","252751620","279537472","138697142",NULL
3314840,"no_left_turn","all","249350114","24321716","138697142",NULL
3331549,"only_straight_on","all","59754233","146144450","4911856",NULL
3336116,"only_straight_on","all","523795127","79714763","42126192",NULL
3355502,"only_straight_on","all","626876171","369848652","249513299",NULL
3461553,"only_straight_on","all","243465475","352297769","257886241",NULL
3464449,"only_straight_on","all","2043309839","175259048","258115205",NULL
3714098,"only_straight_on","all","135563030","451757778","279311434",NULL
3714116,"no_left_turn","all","424382963","397870784","24321857",NULL
3718088,"only_straight_on","all","135562868","43017944","27622416",NULL
3718089,"only_straight_on","all","253535501","4766211","420078304",NULL
3718107,"only_straight_on","all","1122581614","301696021","279537802",NULL
3718108,"only_straight_on","all","1122581637","301696022","279537804",NULL
3755137,"only_straight_on","all","259476733","681491179","92741256",NULL
3755215,"no_left_turn","all","297326140","282856914","271090312",NULL
3755216,"only_straight_on","all","2554593015","86277807","282856914",NULL
3755225,"no_left_turn","all","297340095","464120817","282857228",NULL
3886051,"no_left_turn","all","266326618","79211016","474698536",NULL
3886052,"no_left_turn","all","158680077","295343676","15801845",NULL
3892655,"no_left_turn","all","223449118","80516122","41572927",NULL
3892662,"no_u_turn","all","1122581751","23342248","292967577",NULL
3896146,"only_straight_on","all","249316340","148897477","23126880",NULL
3896507,"only_straight_on","all","263301837","24302816","293221058",NULL
3902310,"only_straight_on","all","1246618653","293707056","489317701",NULL
3902314,"only_straight_on","all","2973004339","80362436","148897444",NULL
3912545,"only_straight_on","all","937768156","294378613","292444148",NULL
3912547,"only_straight_on","all","252406072","48921489","149303977",NULL
3918919,"only_straight_on","all","1115015859","294856762","124214428",NULL
3918945,"only_straight_on","all","1246280655","92741240","294858559",NULL
3920132,"no_left_turn","all","2985726151","294929083","24888477",NULL
3920133,"only_straight_on","all","258371201","397870778","397870781",NULL
3920137,"only_straight_on","all","1619563490","367989005","294929524",NULL
3920138,"only_straight_on","all","1619563477","373395441","148897421",NULL
3920237,"only_straight_on","all","2043309843","47457120","294932286",NULL
3926224,"only_straight_on","all","30389471","79211025","295340402",NULL
3926243,"only_straight_on","all","30438384","295343678","295343682",NULL
3926263,"only_straight_on","all","158680076","79211010","48390123",NULL
3926264,"only_straight_on","all","263710860","48390124","27621985",NULL
3926265,"only_straight_on","all","30389406","4759679","79211017",NULL
3926266,"only_straight_on","all","250175509","79211017","120916861",NULL
3946096,"only_straight_on","all","296392072","31675260","49635537",NULL
3951450,"only_straight_on","all","921128153","78488917","297082681",NULL
3951451,"only_straight_on","all","296392072","34954313","297082680",NULL
3951475,"only_straight_on","all","921128240","284801760","297084832",NULL
3954372,"no_left_turn","all","252406072","661040877","149303977",NULL
3954393,"no_u_turn","all","249502585","465217496","297286104",NULL
4261840,"no_left_turn","all","296394960","316489966","316489837",NULL
4261842,"no_left_turn","all","296395834","27040118","316489966",NULL
4499420,"no_left_turn","all","156334453","471511161","136655279",NULL
4500179,"no_right_turn","all","915372100","77869220","323075493",NULL
4548566,"only_straight_on","all","259474523","4766768","108341703",NULL
4548660,"only_straight_on","all","3325089275","325887293","325887236",NULL
4548662,"only_straight_on","all","3325093687","31872328","325887293",NULL
4589122,"only_straight_on","all","484789452","292457835","79211015",NULL
5185358,"no_left_turn","all","158680079","240529194","107693102",NULL
5185359,"no_left_turn","all","30389460","107693102","295343678",NULL
5185360,"no_left_turn","all","1122581724","146414836","347960309",NULL
5185361,"no_left_turn","all","1122581683","367989007","347960312",NULL
5185362,"no_left_turn","all","260300608","20211836","35546942",NULL
5257821,"no_left_turn","all","223449118","80516122","49288815",NULL
5257822,"no_left_turn","all","3580491992","41572929","352297770",NULL
5257823,"no_right_turn","all","3580491992","41572927","352297769",NULL
5293657,"no_u_turn","all","3600764049","354340451","354340452",NULL
5293658,"only_straight_on","all","471512364","39352455","27099071",NULL
5469159,"no_right_turn","all","30438551","169402110","206642451",NULL
5469323,"no_left_turn","all","1930735073","169402109","368004934",NULL
5473711,"no_left_turn","all","3659440320","78432405","78432404",NULL
5486325,"no_u_turn","all","534014071","369252676","369252676",NULL
5486331,"no_left_turn","all","534014071","369252676","166001796",NULL
5486332,"no_u_turn","all","3730582424","369252676","369252676",NULL
5486333,"no_left_turn","all","3730582424","369252676","369252675",NULL
5486334,"no_u_turn","all","3730582424","369252850","369252850",NULL
5486554,"no_left_turn","all","249707302","369267353","48483586",NULL
5486555,"no_left_turn","all","30438399","56154468","4766210",NULL
5486556,"no_right_turn","all","30438399","38754415","23127144",NULL
5488473,"no_left_turn","all","1562521310","369361434","369361435",NULL
5488879,"no_left_turn","all","428504479","369385216","36893228",NULL
5488880,"no_u_turn","all","428504479","369385216","369385216",NULL
5488881,"no_left_turn","all","982679570","84579871","369385216",NULL
5494106,"no_left_turn","all","3735134154","682256009","369746908",NULL
5496361,"no_left_turn","all","3735982634","675657596","369852364",NULL
5496362,"no_left_turn","all","1497207388","675657597","369852366",NULL
5496641,"no_right_turn","all","4809772588","24412720","369881604",NULL
5496642,"no_left_turn","all","4809772588","461925202","369881602",NULL
5507643,"no_left_turn","all","3744131378","24412629","322418711",NULL
5507644,"no_right_turn","all","3744131378","370721322","322418710",NULL
5511264,"no_left_turn","all","619819422","371155337","49747548",NULL
5511286,"no_left_turn","all","2043309839","451932311","258115205",NULL
5511738,"no_u_turn","all","529438068","418278966","56442817",NULL
5511739,"no_u_turn","all","529438068","165952905","165952905",NULL
5512481,"no_left_turn","all","1246618586","82878128","371275478",NULL
5512482,"no_right_turn","all","1246618586","82113292","371275477",NULL
5512483,"no_right_turn","all","632249723","136655271","371275480",NULL
5514901,"no_left_turn","all","1104344792","95195856","95195843",NULL
5514902,"no_left_turn","all","1104344792","371431803","174640134",NULL
5514903,"no_left_turn","all","3749927527","371431805","371431804",NULL
5515123,"no_u_turn","all","1609411012","147760341","147760386",NULL
5515128,"no_u_turn","all","1246745128","294929084","371456027",NULL
5515129,"no_u_turn","all","1246745128","625376055","625376055",NULL
5518081,"no_left_turn","all","1246618704","426753058","125644906",NULL
5521404,"no_left_turn","all","1974372609","38107775","371814145",NULL
5521405,"no_right_turn","all","1974372609","79518598","371814144",NULL
5521406,"no_left_turn","all","3753565673","371814146","371814148",NULL
5521407,"no_u_turn","all","3753565674","371814147","371814149",NULL
5522770,"no_u_turn","all","2505263555","243330514","243330515",NULL
5522771,"no_u_turn","all","2505263555","243092258","243092258",NULL
5522862,"no_u_turn","all","296409891","92741244","92741251",NULL
5522863,"no_u_turn","all","296409891","92741307","92741307",NULL
5522865,"no_left_turn","all","263698417","24320043","80852477",NULL
5522866,"no_u_turn","all","263698417","80852473","80852473",NULL
5522867,"no_left_turn","all","263698427","27044755","24320066",NULL
5522868,"no_u_turn","all","263698427","27044756","27044756",NULL
5522869,"no_u_turn","all","30438377","677251009","677251009",NULL
5522936,"no_left_turn","all","355738502","131225446","131225445",NULL
5522937,"no_left_turn","all","355738502","131225446","99263423",NULL
5522938,"no_left_turn","all","355732243","28248275","136491730",NULL
5522939,"no_u_turn","all","310240847","28248276","28248277",NULL
5522940,"no_u_turn","all","310240847","137644122","137644122",NULL
5552729,"no_left_turn","all","3768679635","373397821","373397823",NULL
5552730,"no_right_turn","all","3768679635","669310415","373397822",NULL
5573133,"no_u_turn","all","1523314740","138957079","138957080",NULL
5652257,"no_right_turn","all","1270508825","379457327","111540153",NULL
5652548,"no_left_turn","all","708004996","669304325","379477154",NULL
5652549,"no_u_turn","all","708004996","379477153","379477153",NULL
5652550,"no_u_turn","all","1312329062","379477153","379477153",NULL
5652551,"no_left_turn","all","1312329062","56466177","116404486",NULL
5653147,"no_left_turn","all","915409768","379524301","663252434",NULL
5653148,"no_u_turn","all","915409768","77870887","77870887",NULL
5653185,"no_straight_on","all","58850772","111540617","121436746",NULL
5657744,"no_u_turn","all","1773430309","165815568","165815559",NULL
5657745,"no_u_turn","all","1773430309","165815587","165815587",NULL
5667990,"no_u_turn","all","308025579","137644131","380493207",NULL
5667991,"no_u_turn","all","306582804","27931574","27931575",NULL
5667992,"no_u_turn","all","306582804","27931572","27931572",NULL
5667998,"no_u_turn","all","264273591","27865842","27914278",NULL
5667999,"no_u_turn","all","264273591","67514769","67514769",NULL
5668000,"no_u_turn","all","306582806","27931573","27931576",NULL
5668001,"no_u_turn","all","306582806","329722523","329722523",NULL
5668002,"no_u_turn","all","264273583","137684817","137684814",NULL
5668003,"no_u_turn","all","264273583","24360697","24360697",NULL
5668004,"no_u_turn","all","1054800974","191050373","191050373",NULL
5668005,"no_u_turn","all","1054800974","137684975","137684970",NULL
5668699,"no_left_turn","all","529437863","42406301","380566882",NULL
5668700,"no_right_turn","all","529437863","42406305","380566881",NULL
5668701,"no_left_turn","all","529437833","380566883","42406308",NULL
5668702,"no_left_turn","all","529437833","380566883","42406305",NULL
5668703,"no_left_turn","all","529437844","380566879","380566884",NULL
5668704,"no_right_turn","all","1514635214","138173999","380566879",NULL
5668705,"no_right_turn","all","1514635214","138173999","380566880",NULL
5671441,"no_right_turn","all","3840917848","48921490","380785181",NULL
5678780,"no_right_turn","all","3846575459","186892304","381456203",NULL
5681330,"no_left_turn","all","960186241","381720843","374536757",NULL
5681331,"no_left_turn","all","960186241","381720843","381720841",NULL
5681332,"no_left_turn","all","1973834352","381720841","381720843",NULL
5681333,"no_left_turn","all","1973834352","381720841","381720844",NULL
5681828,"no_left_turn","all","626874551","381749560","49359846",NULL
5684475,"no_u_turn","all","1315437986","116753208","381972825",NULL
5694422,"no_straight_on","all","534014068","382692488","166001891",NULL
5794093,"no_left_turn","all","267196958","24577229","24577230",NULL
5794094,"no_u_turn","all","267196958","24577169","24577169",NULL
5847728,"no_left_turn","all","1075626620","92741357","390639151",NULL
6008263,"no_left_turn","all","2040977833","193584640","193584639",NULL
6188780,"no_left_turn","all","2113088950","415378270","415378269",NULL
6188873,"no_left_turn","all","264100096","371896209","33685510",NULL
6191990,"no_u_turn","all","449838237","38196012","48134555",NULL
6198692,"no_u_turn","all","587661902","416604962","385408958",NULL
6198694,"no_u_turn","all","3887557683","416604960","385408959",NULL
6198695,"no_u_turn","all","587661905","385408957","416604959",NULL
6198696,"no_u_turn","all","3887557684","385408960","416604961",NULL
6199432,"no_left_turn","all","264527019","449596966","416725953",NULL
6204850,"no_right_turn","all","921128153","417329230","297082681",NULL
6237759,"no_left_turn","all","942046347","121410699","136655278",NULL
6269807,"no_left_turn","all","4215459699","421811938","421811939",NULL
6276621,"no_left_turn","all","440051381","98541279","422206892",NULL
6280199,"no_left_turn","all","4221762835","36855853","422433074",NULL
6296867,"no_left_turn","all","2486151022","240924523","423695194",NULL
6296868,"no_u_turn","all","2486151022","240924522","240924522",NULL
6412694,"no_left_turn","all","626876469","165952927","431068454",NULL
6412695,"no_right_turn","all","471792468","165952928","431068454",NULL
6425163,"no_u_turn","all","440012268","431914881","431914880",NULL
6432182,"no_left_turn","all","1129726684","432728225","432728227",NULL
6432183,"no_left_turn","all","1129726672","432728225","97586389",NULL
6432184,"only_straight_on","all","1129726684","432728224","432728225",NULL
6432185,"only_straight_on","all","2632520770","257782217","432728222",NULL
6432186,"only_straight_on","all","587661909","432728224","432728223",NULL
6432187,"only_straight_on","all","1129726672","432728226","432728225",NULL
6432188,"only_straight_on","all","587661909","257782263","432728223",NULL
6432189,"only_straight_on","all","685963060","97586391","318242790",NULL
6432190,"only_straight_on","all","1111816110","432728222","95953295",NULL
6519918,"no_left_turn","all","939290451","643705324","24868477",NULL
6546905,"no_left_turn","all","263795330","551899678","136655276",NULL
6564098,"no_right_turn","all","1246618243","48394087","48394090",NULL
6564099,"no_left_turn","all","1246618243","48394087","440917247",NULL
6564100,"no_left_turn","all","1246618243","23642249","48394090",NULL
6564101,"no_right_turn","all","1246618243","23642249","48394088",NULL
6564102,"no_left_turn","all","1246618243","48394253","48394088",NULL
6564103,"no_right_turn","all","1246618243","48394253","440917247",NULL
6577698,"no_left_turn","all","1526523735","139254693","139254694",NULL
6580981,"no_left_turn","all","1772588097","165718549","442037333",NULL
6580982,"no_right_turn","all","1772588097","165718600","442037332",NULL
6601708,"no_left_turn","all","267196181","24577075","24577074",NULL
6646211,"no_left_turn","all","158676837","186690668","23938900",NULL
6663978,"no_left_turn","all","919904691","78373234","449112227",NULL
6693818,"no_left_turn","all","965821825","451705231","451705233",NULL
6693819,"no_left_turn","all","4485262767","451705234","451705231",NULL
6694454,"no_u_turn","all","297326023","485919980","148830499",NULL
6694860,"no_left_turn","all","4281826080","451796779","429060099",NULL
6694861,"no_u_turn","all","4281826080","451796779","451796779",NULL
6695080,"no_left_turn","all","30389505","23133883","80784907",NULL
6695204,"no_u_turn","all","30438410","4766185","124019741",NULL
6696752,"no_left_turn","all","4171939092","47460452","451932307",NULL
6696753,"no_left_turn","all","4487376927","258115205","451932309",NULL
6696754,"no_left_turn","all","4487376929","451932309","451932311",NULL
6705080,"no_left_turn","all","30389461","119264032","452846998",NULL
6730366,"no_left_turn","all","939246884","80468784","82490407",NULL
6730367,"no_left_turn","all","939246879","82490404","82490403",NULL
6730368,"no_left_turn","all","939960325","80468766","89047441",NULL
6730369,"no_left_turn","all","59749794","89047441","455180169",NULL
6730370,"no_left_turn","all","59749795","20812982","439696763",NULL
6731347,"no_left_turn","all","356899332","117213916","455293212",NULL
6731359,"no_right_turn","all","1122581751","84635214","149307527",NULL
6731732,"no_right_turn","all","4309577896","179202224","455323609",NULL
6731733,"no_left_turn","all","4309577896","179202224","455323610",NULL
6731734,"no_right_turn","all","4309577896","259653176","455323610",NULL
6731735,"no_left_turn","all","4309577896","259653176","455323608",NULL
6731736,"no_left_turn","all","4309577896","259653164","455323609",NULL
6731737,"no_right_turn","all","4309577896","259653164","455323608",NULL
6746328,"no_left_turn","all","1490307242","429058897","247050887",NULL
6746331,"no_left_turn","all","1490307242","456390606","247050888",NULL
6771370,"no_right_turn","all","4541001276","125646777","458059279",NULL
6785911,"no_left_turn","all","442117949","27066812","459071801",NULL
6787522,"no_right_turn","all","263268495","81073584","24301740",NULL
6794059,"no_left_turn","all","1986787818","26295657","459660327",NULL
6794067,"no_left_turn","all","30389401","253514057","253514056",NULL
6796061,"no_left_turn","all","1246745166","489320790","125644959",NULL
6810463,"no_u_turn","all","956387478","82131175","82131183",NULL
6810464,"no_u_turn","all","2051214046","194618065","194618035",NULL
6810465,"no_u_turn","all","2051214042","194618078","194618047",NULL
6810466,"no_u_turn","all","2051214085","194618108","194618098",NULL
6818407,"no_u_turn","all","1538515050","461594332","187198868",NULL
6818408,"no_u_turn","all","1537860545","398983202","461594336",NULL
6820033,"no_left_turn","all","249701131","419338312","679019850",NULL
6820122,"no_left_turn","all","360222215","93052908","461712818",NULL
6822267,"no_left_turn","all","259474530","82490028","456064563",NULL
6822268,"no_left_turn","all","30438740","456064563","32098684",NULL
6822332,"no_left_turn","all","937851609","598563202","461914834",NULL
6822339,"no_left_turn","all","1395083840","125644934","125644927",NULL
6822354,"no_left_turn","all","3908476969","299059355","461916254",NULL
6822742,"no_left_turn","all","1068492439","461925203","461925202",NULL
6822743,"no_left_turn","all","265043694","369881602","461925203",NULL
6822744,"no_right_turn","all","265043694","49637643","82488265",NULL
6822745,"no_right_turn","all","1068492439","573298937","461925201",NULL
6835825,"no_u_turn","all","529438095","42406303","137684860",NULL
6836170,"no_left_turn","all","30438348","120926862","489644202",NULL
6853914,"no_left_turn","all","297326187","482532987","464120822",NULL
6870044,"no_left_turn","all","249350242","293162397","465217504",NULL
6870045,"no_left_turn","all","249350242","293162397","293162395",NULL
6873787,"no_left_turn","all","1124685263","465365544","465365543",NULL
6873788,"no_left_turn","all","1124685332","54516803","465365546",NULL
6876338,"no_left_turn","all","851411434","415777851","465521333",NULL
6876339,"no_left_turn","all","851411403","465521337","465521335",NULL
6878840,"no_left_turn","all","473191394","24412071","465772631",NULL
6878930,"no_u_turn","all","1509944219","137684972","137684969",NULL
6878931,"no_u_turn","all","1444709383","131225455","131225459",NULL
6879606,"no_left_turn","all","1616950119","148830499","148615125",NULL
6891826,"no_left_turn","all","1914153120","180969711","180969722",NULL
6914355,"only_straight_on","all","1116354079","469168023","78336674",NULL
6914356,"only_straight_on","all","1116354079","469168024","489688523",NULL
6914357,"only_straight_on","all","919637969","84573324","469168025",NULL
6946863,"no_left_turn","all","274103554","82489989","25151310",NULL
6974514,"only_straight_on","all","264100096","369746585","474353627",NULL
6974515,"no_left_turn","all","1128031252","474353627","371896207",NULL
6974516,"no_left_turn","all","264100096","24344983","474353627",NULL
7011056,"no_u_turn","all","905388781","28116017","76858661",NULL
7011057,"no_left_turn","all","1444709306","76858975","477140168",NULL
7011058,"no_left_turn","all","355731814","76858563","76858889",NULL
7031820,"no_left_turn","all","1326393732","124563919","478302939",NULL
7039531,"no_left_turn","all","296397461","38755424","478834341",NULL
7086218,"no_u_turn","all","263781803","136655282","124019740",NULL
7086222,"no_left_turn","all","263795309","462766721","24324925",NULL
7105084,"no_left_turn","all","1619563508","271090312","482532987",NULL
7142315,"no_left_turn","all","1268313935","111289720","485408219",NULL
7142330,"no_left_turn","all","264520475","148613800","485409178",NULL
7142331,"no_right_turn","all","1122581614","677934743","279537802",NULL
7142337,"no_left_turn","all","3840917848","49449378","380785180",NULL
7149458,"no_left_turn","all","1616950120","80574244","148615125",NULL
7153615,"no_u_turn","all","2192180066","486369909","486369917",NULL
7153616,"no_u_turn","all","2192180060","486369913","486369914",NULL
7153617,"no_u_turn","all","4789917103","486369911","486369910",NULL
7173956,"no_left_turn","all","4808342105","279537802","488547897",NULL
7184598,"no_left_turn","all","4813587813","489079952","489079953",NULL
7208486,"no_u_turn","all","264117347","24361722","24361721",NULL
7208487,"no_left_turn","all","1444729120","131226940","490710090",NULL
7208488,"no_u_turn","all","264272410","24360538","24360541",NULL
7208497,"no_left_turn","all","264117327","78342665","78342667",NULL
7208498,"no_u_turn","all","264117327","24346828","78342667",NULL
7241188,"no_left_turn","all","252406080","429061431","493211624",NULL
7241189,"no_left_turn","all","598215642","301696025","493211624",NULL
7244312,"no_left_turn","all","1719184169","4779058","493414396",NULL
7261128,"no_u_turn","all","264538158","33800337","33800371",NULL
7281560,"no_left_turn","all","1320176409","136506311","495888628",NULL
7286475,"no_left_turn","all","4754799867","496324983","453765404",NULL
7306813,"no_left_turn","all","1619563197","206642451","368334461",NULL
7347406,"no_left_turn","all","253535849","614208348","502379812",NULL
7371707,"no_u_turn","all","2667151855","261098646","504636291",NULL
7382007,"no_left_turn","all","156334324","41572941","41572942",NULL
7384282,"no_left_turn","all","4960238965","506259810","446352140",NULL
7384283,"no_left_turn","all","4960238965","506259810","446352140",NULL
7415030,"no_u_turn","all","439216151","98335093","249842200",NULL
7415032,"no_u_turn","all","1137709694","98335095","249842203",NULL
7415033,"no_u_turn","all","1315437783","509743209","116753154",NULL
7415034,"no_u_turn","all","1315437836","116753145","509743210",NULL
7415035,"no_u_turn","all","1689543073","116753219","116779443",NULL
7419141,"no_left_turn","all","4993305198","132153657","184838328",NULL
7466040,"no_left_turn","all","473832161","397870781","39545271",NULL
7513426,"no_left_turn","all","264272423","519058869","137644160",NULL
7614239,"no_left_turn","all","264545093","146144482","96961729",NULL
7697121,"no_right_turn","all","2504505316","24321350","82495539",NULL
7697122,"no_left_turn","all","420528889","39373017","82495539",NULL
7820542,"no_left_turn","all","252400941","80468783","24380653",NULL
7895557,"no_left_turn","all","420594900","43169642","548550489",NULL
7897483,"no_left_turn","all","5041496420","80468777","552852627",NULL
7901782,"no_left_turn","all","263340835","99742291","261567286",NULL
7901783,"no_left_turn","all","263340835","99742291","24304274",NULL
7901784,"no_left_turn","all","974940017","60981683","261567255",NULL
7901785,"no_left_turn","all","974940017","60981683","101854529",NULL
7905013,"no_left_turn","all","1322287260","24576931","553323292",NULL
7905014,"no_u_turn","all","4361457003","54961442","553323293",NULL
7906492,"no_left_turn","all","919893365","369247477","369248745",NULL
7906493,"no_left_turn","all","919893368","369247477","78372161",NULL
7911506,"no_left_turn","all","934030443","589274623","553985331",NULL
7933992,"no_left_turn","all","2561053427","48394080","369848651",NULL
7951018,"no_u_turn","all","5372364319","483233478","557001630",NULL
7964461,"no_left_turn","all","5378015078","24380412","419101015",NULL
7964462,"no_left_turn","all","1864193514","557658939","26337732",NULL
7964463,"no_left_turn","all","5378015078","557658939","419101016",NULL
8053892,"no_u_turn","all","5435518600","562730949","564087689",NULL
8102682,"no_left_turn","all","1619562965","173567367","192130355",NULL
8331653,"no_u_turn","all","5645716983","591350795","591350793",NULL
8331654,"no_u_turn","all","5645716982","591350793","591350795",NULL
8331655,"no_u_turn","all","4722424030","591350804","591350802",NULL
8331656,"no_u_turn","all","5645717010","591350802","591350804",NULL
8337532,"no_left_turn","all","932354552","136938741","371966743",NULL
8349066,"no_left_turn","all","420710415","593390770","593390769",NULL
8405758,"no_right_turn","all","3723965153","498860466","489924336",NULL
8405759,"no_left_turn","all","297521595","24304001","27117622",NULL
8405774,"no_left_turn","all","614631958","495888628","79955972",NULL
8409744,"no_left_turn","all","263340815","453401600","453401598",NULL
8421949,"no_left_turn","all","1246618253","464512817","604182570",NULL
8421950,"no_left_turn","all","1246618732","57741609","456801596",NULL
8421951,"no_right_turn","all","1246618253","24303999","604182572",NULL
8421952,"no_right_turn","all","1246618732","457209350","457209345",NULL
8421953,"no_right_turn","all","297521628","456801598","604182577",NULL
8421954,"no_right_turn","all","297521626","24629265","604182575",NULL
8489091,"no_right_turn","all","1124685346","49709533","612386276",NULL
8506531,"no_left_turn","all","622152015","25156687","614274055",NULL
8506737,"no_left_turn","all","451970080","614289243","614289240",NULL
8506739,"no_left_turn","all","520632873","614289247","614289244",NULL
8507010,"no_left_turn","all","804299861","78394525","66375804",NULL
8507011,"no_left_turn","all","622154058","614291164","614291162",NULL
8507012,"no_left_turn","all","920091683","40779814","78394524",NULL
8514017,"no_left_turn","all","622136205","615326613","49023642",NULL
8514018,"no_left_turn","all","622131245","49022987","615326615",NULL
8523175,"no_left_turn","all","366820192","147497940","616107366",NULL
8523176,"no_left_turn","all","297493314","56025575","616107366",NULL
8553127,"no_left_turn","all","5848576739","618790487","618790483",NULL
8715006,"no_left_turn","all","494362478","614289241","40701192",NULL
8715007,"no_left_turn","all","274239740","614289245","614289246",NULL
8715191,"no_left_turn","all","622136218","135164352","626687060",NULL
8715192,"no_left_turn","all","622136221","615326618","49023650",NULL
8715193,"no_left_turn","all","622131252","49023787","615326608",NULL
8715194,"no_left_turn","all","622136199","615326616","49023641",NULL
8715267,"no_left_turn","all","622131252","615326607","49023787",NULL
8715268,"no_left_turn","all","622131245","615326616","49022987",NULL
8725191,"only_straight_on","all","30438719","23798496","92741262",NULL
8921918,"only_straight_on","all","264098495","643705324","92700425",NULL
9043261,"no_left_turn","all","6086674261","648291170","648291172",NULL
9312704,"no_left_turn","all","1033276584","430191423","399311931",NULL
9312705,"no_left_turn","all","1033276570","117652403","669498456",NULL
9314343,"no_left_turn","all","529120139","669593250","42388697",NULL
9314344,"no_left_turn","all","529120140","669593245","669593250",NULL
9315603,"no_left_turn","all","1147285052","28248093","669667657",NULL
9334381,"no_u_turn","all","528894522","671384553","671165270",NULL
9334382,"no_u_turn","all","1122581711","671384554","48857011",NULL
9334383,"no_left_turn","all","1268313935","23110553","111289720",NULL
9334384,"no_left_turn","all","30575136","485408219","48856856",NULL
9334385,"no_left_turn","all","528894522","42365012","671165270",NULL
9337923,"no_left_turn","all","528894524","671165254","671384552",NULL
9337951,"no_u_turn","all","1324964419","93054697","671165267",NULL
9346114,"no_left_turn","all","1116260166","53150884","672059668",NULL
9346115,"no_left_turn","all","1116259118","53150886","53150881",NULL
9347855,"no_right_turn","all","265560582","24433268","672283905",NULL
9347856,"no_straight_on","all","265560582","24433268","672283902",NULL
9347857,"no_straight_on","all","265560582","157521430","672283905",NULL
9347858,"no_left_turn","all","265560582","157521430","672283902",NULL
9349880,"no_u_turn","all","6297625031","77869219","323075497",NULL
9349881,"no_left_turn","all","260548902","446864947","672502467",NULL
9349882,"no_left_turn","all","260548906","672502467","446864947",NULL
9349883,"no_left_turn","all","249786730","672494245","323075493",NULL
9349884,"no_left_turn","all","32039356","466114341","5094748",NULL
9349885,"no_u_turn","all","4252261787","24025385","672502471",NULL
9362378,"no_left_turn","all","428504502","84579870","36855850",NULL
9364197,"no_left_turn","all","611760573","48135160","673843071",NULL
9364198,"no_left_turn","all","283248367","673843071","117818470",NULL
9389409,"no_left_turn","all","1345707916","54231609","676123416",NULL
9397736,"no_left_turn","all","6184949385","676935693","676935690",NULL
9397737,"only_right_turn","all","683834227","54230645","54230641",NULL
9413195,"no_left_turn","all","264079539","677962429","26600389",NULL
9413196,"no_left_turn","all","264075698","369249723","26600326",NULL
9413197,"only_straight_on","all","30389397","79206843","677962431",NULL
9413198,"no_u_turn","all","2964238074","399096155","79206847",NULL
9418727,"no_left_turn","all","6351815644","678356981","678356983",NULL
9423124,"only_straight_on","all","156263660","92741275","80728651",NULL
9427409,"only_straight_on","all","265025350","679010000","148897472",NULL
9427410,"no_u_turn","all","4020601295","27060763","679010000",NULL
9428350,"no_u_turn","all","6358447603","226088824","679053265",NULL
9428351,"no_left_turn","all","524680249","679053267","42159929",NULL
9428352,"only_right_turn","all","524680249","42159929","679053267",NULL
9428353,"only_right_turn","all","524680249","408908337","679053264",NULL
9428354,"no_left_turn","all","4108110896","679053267","426879341",NULL
9428355,"only_straight_on","all","930272937","79714766","82897599",NULL
9428356,"only_straight_on","all","444585733","620406065","620350492",NULL
9428357,"no_left_turn","all","5779747351","679053270","610274843",NULL
9428358,"no_left_turn","all","444585085","679053270","79714762",NULL
9428359,"no_left_turn","all","444584910","679053274","37883849",NULL
9428360,"no_left_turn","all","523773219","679053274","79872207",NULL
9428361,"no_left_turn","all","523773219","679053273","135746784",NULL
9428362,"only_right_turn","all","264535902","79762764","370429628",NULL
9428363,"no_left_turn","all","2040977831","247050888","193584634",NULL
9428364,"no_left_turn","all","2040977836","193584639","679053276",NULL
9428365,"only_straight_on","all","2040977837","679053276","679053277",NULL
9428366,"only_straight_on","all","1618969814","48394096","679053277",NULL
9428367,"only_straight_on","all","1618969814","620321019","679053277",NULL
9430496,"only_straight_on","all","249316285","369142673","83010408",NULL
9447940,"no_left_turn","all","1123743274","34993938","680755969",NULL
9451060,"no_left_turn","all","941372948","24433295","80717130",NULL
9451061,"only_straight_on","all","941376313","680989290","680989287",NULL
9451062,"only_straight_on","all","5272774172","680989290","81353363",NULL
9451063,"only_right_turn","all","265560279","48087897","165462638",NULL
9451064,"no_left_turn","all","1068492364","49746905","165462636",NULL
9457113,"only_straight_on","all","263689624","681491180","56151024",NULL
9457114,"only_right_turn","all","263689624","39170104","56151024",NULL
9457115,"no_left_turn","all","263689601","681491180","24319043",NULL
9457116,"no_left_turn","all","263689619","681491181","24319047",NULL
9457117,"no_left_turn","all","263689619","681491182","42303698",NULL
9457118,"only_right_turn","all","469199900","39170126","681491182",NULL
9457119,"only_straight_on","all","469199900","681491182","681491184",NULL
9457120,"only_straight_on","all","3874380537","23938706","681491184",NULL
9465146,"no_left_turn","all","1121909787","61724853","48134495",NULL
9465147,"no_left_turn","all","1121909818","96897451","682164934",NULL
9465148,"no_left_turn","all","1121909720","682164936","374536787",NULL
9465149,"no_left_turn","all","1121909669","61724854","374536786",NULL
9465150,"no_left_turn","all","1121909739","48134522","124419853",NULL
9465151,"no_left_turn","all","1121909687","180975159","682164938",NULL
9465152,"no_left_turn","all","268886955","682164941","24741191",NULL
9465153,"only_right_turn","all","1326393698","84579868","682164943",NULL
9465154,"only_straight_on","all","3818025793","682164930","682164941",NULL
9465155,"no_left_turn","all","982679669","682164943","117818482",NULL
9465266,"only_right_turn","all","934030430","494777621","80347965",NULL
9465268,"only_straight_on","all","934030442","369746585","80066691",NULL
9465269,"no_u_turn","all","264098495","24868476","92700425",NULL
9465273,"no_u_turn","all","264100096","371896209","474353627",NULL
9466245,"only_straight_on","all","4612875306","92741284","49290748",NULL
9466246,"only_straight_on","all","935991476","682256011","49290748",NULL
9466247,"no_u_turn","all","223471772","82897203","92692740",NULL
9466249,"no_left_turn","all","223471772","82897203","80347975",NULL
9466250,"no_left_turn","all","223471772","82897203","25151745",NULL
9466251,"no_left_turn","all","223471772","682256010","682256011",NULL
9466252,"no_u_turn","all","223471772","84536374","682256011",NULL
9466837,"no_left_turn","all","264103260","80347972","24345466",NULL
9466838,"only_straight_on","all","933975856","26494354","682302089",NULL
