"id","geom"
4022,"0101000020E610000057B2632310D344406F2F698CD651ECBF"
4026,"0101000020E6100000C9022670EBD64440263B91BB634CECBF"
4017,"0101000020E6100000C9022670EBD64440263B91BB634CECBF"
4020,"0101000020E6100000C9022670EBD64440263B91BB634CECBF"
4025,"0101000020E6100000C9022670EBD64440263B91BB634CECBF"
4024,"0101000020E610000057B2632310D344406F2F698CD651ECBF"
4023,"0101000020E610000057B2632310D344406F2F698CD651ECBF"
4019,"0101000020E6100000F8DF4A766CD44440D76196879606EDBF"
4021,"0101000020E610000057B2632310D344406F2F698CD651ECBF"
4018,"0101000020E610000057B2632310D344406F2F698CD651ECBF"
